<?xml version="1.0" encoding="UTF-8"?>
<root>
  <item name="com.p_v.flexiblecalendar.FlexibleCalendarView.CalendarView com.p_v.flexiblecalendar.view.BaseCellView getCellView(int, android.view.View, android.view.ViewGroup, int) 3">
    <annotation name="android.support.annotation.IntDef">
      <val name="value" val="{com.p_v.flexiblecalendar.view.BaseCellView.TODAY, com.p_v.flexiblecalendar.view.BaseCellView.SELECTED, com.p_v.flexiblecalendar.view.BaseCellView.REGULAR, com.p_v.flexiblecalendar.view.BaseCellView.SELECTED_TODAY, com.p_v.flexiblecalendar.view.BaseCellView.OUTSIDE_MONTH}" />
    </annotation>
  </item>
  <item name="com.p_v.flexiblecalendar.FlexibleCalendarView.OnMonthChangeListener void onMonthChange(int, int, int) 2">
    <annotation name="android.support.annotation.IntDef">
      <val name="value" val="{com.p_v.flexiblecalendar.FlexibleCalendarView.LEFT, com.p_v.flexiblecalendar.FlexibleCalendarView.RIGHT}" />
    </annotation>
  </item>
</root>

